货币名称,现汇买入价,现钞买入价,现汇卖出价,现钞卖出价,外管局中间价,中行折算价,发布时间
英镑,865.31,838.43,871.68,873.59,867.6,867.6,2018.06.28 00:02:38
英镑,865.31,838.43,871.68,873.59,867.6,867.6,2018.06.28 00:00:05
英镑,865.31,838.43,871.68,873.59,867.6,867.6,2018.06.27 23:58:41
英镑,865.31,838.43,871.68,873.59,867.6,867.6,2018.06.27 23:58:41
英镑,865.31,838.43,871.68,873.59,867.6,867.6,2018.06.27 23:58:41
英镑,865.11,838.23,871.48,873.39,867.6,867.6,2018.06.27 23:39:37
英镑,865.44,838.55,871.82,873.73,867.6,867.6,2018.06.27 23:35:03
英镑,865.44,838.55,871.82,873.73,867.6,867.6,2018.06.27 23:34:02
英镑,865.97,839.06,872.35,874.26,867.6,867.6,2018.06.27 23:29:48
英镑,866.04,839.13,872.42,874.33,867.6,867.6,2018.06.27 23:28:13
英镑,865.64,838.74,872.02,873.93,867.6,867.6,2018.06.27 23:25:55
英镑,865.71,838.81,872.09,874,867.6,867.6,2018.06.27 23:22:32
英镑,866.04,839.13,872.42,874.33,867.6,867.6,2018.06.27 23:21:05
英镑,866.04,839.13,872.42,874.33,867.6,867.6,2018.06.27 23:19:39
英镑,865.71,838.81,872.09,874,867.6,867.6,2018.06.27 23:17:34
英镑,865.9,839,872.28,874.19,867.6,867.6,2018.06.27 23:16:21
英镑,865.84,838.94,872.22,874.13,867.6,867.6,2018.06.27 23:15:25
英镑,865.84,838.94,872.22,874.13,867.6,867.6,2018.06.27 23:13:13
英镑,865.71,838.81,872.09,874,867.6,867.6,2018.06.27 23:12:46
英镑,865.64,838.74,872.02,873.93,867.6,867.6,2018.06.27 23:08:42
英镑,865.71,838.81,872.09,874,867.6,867.6,2018.06.27 23:05:25
英镑,865.44,838.55,871.82,873.73,867.6,867.6,2018.06.27 23:03:09
英镑,865.44,838.55,871.82,873.73,867.6,867.6,2018.06.27 23:00:42
英镑,865.64,838.74,872.02,873.93,867.6,867.6,2018.06.27 22:59:28
英镑,865.64,838.74,872.02,873.93,867.6,867.6,2018.06.27 22:56:41
英镑,865.71,838.81,872.09,874,867.6,867.6,2018.06.27 22:54:35
英镑,865.91,839,872.29,874.2,867.6,867.6,2018.06.27 22:50:50
英镑,865.84,838.94,872.22,874.13,867.6,867.6,2018.06.27 22:46:02
英镑,865.91,839,872.29,874.2,867.6,867.6,2018.06.27 22:41:02
英镑,865.91,839,872.29,874.2,867.6,867.6,2018.06.27 22:33:26
英镑,865.97,839.06,872.35,874.26,867.6,867.6,2018.06.27 22:32:12
英镑,866.17,839.26,872.55,874.46,867.6,867.6,2018.06.27 22:31:06
英镑,866.17,839.26,872.55,874.46,867.6,867.6,2018.06.27 22:29:26
英镑,866.37,839.45,872.75,874.66,867.6,867.6,2018.06.27 22:24:41
英镑,866.3,839.38,872.68,874.59,867.6,867.6,2018.06.27 22:20:59
英镑,866.9,839.96,873.28,875.19,867.6,867.6,2018.06.27 22:11:47
英镑,866.7,839.77,873.08,874.99,867.6,867.6,2018.06.27 22:04:17
英镑,866.7,839.77,873.08,874.99,867.6,867.6,2018.06.27 22:03:01
英镑,866.63,839.7,873.01,874.92,867.6,867.6,2018.06.27 22:01:09
英镑,866.76,839.83,873.14,875.05,867.6,867.6,2018.06.27 21:58:27
英镑,866.76,839.83,873.14,875.05,867.6,867.6,2018.06.27 21:54:30
英镑,866.63,839.7,873.01,874.92,867.6,867.6,2018.06.27 21:53:15
英镑,866.83,839.89,873.21,875.12,867.6,867.6,2018.06.27 21:48:48
英镑,866.96,840.02,873.34,875.26,867.6,867.6,2018.06.27 21:39:53
英镑,866.7,839.77,873.08,874.99,867.6,867.6,2018.06.27 21:28:34
英镑,866.7,839.77,873.08,874.99,867.6,867.6,2018.06.27 21:27:11
英镑,866.24,839.32,872.62,874.53,867.6,867.6,2018.06.27 21:11:39
英镑,866.1,839.19,872.48,874.39,867.6,867.6,2018.06.27 21:06:38
英镑,865.91,839,872.29,874.2,867.6,867.6,2018.06.27 21:05:17
英镑,865.97,839.06,872.35,874.26,867.6,867.6,2018.06.27 21:04:51
英镑,865.71,838.81,872.09,874,867.6,867.6,2018.06.27 21:02:52
英镑,865.97,839.06,872.35,874.26,867.6,867.6,2018.06.27 21:00:22
英镑,866.24,839.32,872.62,874.53,867.6,867.6,2018.06.27 20:56:11
英镑,866.24,839.32,872.62,874.53,867.6,867.6,2018.06.27 20:52:46
英镑,866.7,839.77,873.08,874.99,867.6,867.6,2018.06.27 20:48:29
英镑,866.76,839.83,873.14,875.05,867.6,867.6,2018.06.27 20:47:41
英镑,867.09,840.14,873.47,875.39,867.6,867.6,2018.06.27 20:45:45
英镑,867.23,840.28,873.61,875.53,867.6,867.6,2018.06.27 20:43:38
英镑,867.42,840.46,873.8,875.72,867.6,867.6,2018.06.27 20:41:59
英镑,867.29,840.34,873.67,875.59,867.6,867.6,2018.06.27 20:41:28
英镑,867.16,840.21,873.54,875.46,867.6,867.6,2018.06.27 20:37:50
英镑,866.9,839.96,873.28,875.19,867.6,867.6,2018.06.27 20:36:05
英镑,866.7,839.77,873.08,874.99,867.6,867.6,2018.06.27 20:35:10
英镑,866.57,839.64,872.95,874.86,867.6,867.6,2018.06.27 20:34:32
英镑,866.83,839.89,873.21,875.12,867.6,867.6,2018.06.27 20:33:09
英镑,866.76,839.83,873.14,875.05,867.6,867.6,2018.06.27 20:30:54
英镑,866.96,840.02,873.34,875.26,867.6,867.6,2018.06.27 20:30:01
英镑,866.96,840.02,873.34,875.26,867.6,867.6,2018.06.27 20:28:18
英镑,867.16,840.21,873.54,875.46,867.6,867.6,2018.06.27 20:27:10
英镑,867.16,840.21,873.54,875.46,867.6,867.6,2018.06.27 20:26:02
英镑,867.09,840.14,873.47,875.39,867.6,867.6,2018.06.27 20:24:14
英镑,866.63,839.7,873.01,874.92,867.6,867.6,2018.06.27 20:20:34
英镑,866.63,839.7,873.01,874.92,867.6,867.6,2018.06.27 20:18:42
英镑,866.7,839.77,873.08,874.99,867.6,867.6,2018.06.27 20:17:13
英镑,866.7,839.77,873.08,874.99,867.6,867.6,2018.06.27 20:16:25
英镑,866.63,839.7,873.01,874.92,867.6,867.6,2018.06.27 20:14:53
英镑,866.44,839.52,872.82,874.73,867.6,867.6,2018.06.27 20:13:00
英镑,866.77,839.84,873.15,875.06,867.6,867.6,2018.06.27 20:11:46
英镑,866.7,839.77,873.08,874.99,867.6,867.6,2018.06.27 20:09:00
英镑,866.83,839.89,873.21,875.12,867.6,867.6,2018.06.27 20:06:56
英镑,866.83,839.89,873.21,875.12,867.6,867.6,2018.06.27 20:06:45
英镑,866.83,839.89,873.21,875.12,867.6,867.6,2018.06.27 20:06:23
英镑,867.43,840.47,873.81,875.73,867.6,867.6,2018.06.27 20:00:05
英镑,867.61,840.66,874,875.92,867.6,867.6,2018.06.27 19:57:28
英镑,867.56,840.6,873.94,875.86,867.6,867.6,2018.06.27 19:56:39
英镑,867.36,840.41,873.74,875.66,867.6,867.6,2018.06.27 19:55:44
英镑,868.08,841.11,874.48,876.39,867.6,867.6,2018.06.27 19:52:42
英镑,868.34,841.36,874.74,876.65,867.6,867.6,2018.06.27 19:52:20
英镑,868.93,841.93,875.33,877.25,867.6,867.6,2018.06.27 19:51:46
英镑,868.74,841.75,875.14,877.06,867.6,867.6,2018.06.27 19:50:36
英镑,868.6,841.61,875,876.92,867.6,867.6,2018.06.27 19:49:18
英镑,867.68,840.72,874.07,875.99,867.6,867.6,2018.06.27 19:46:29
英镑,867.68,840.72,874.07,875.99,867.6,867.6,2018.06.27 19:45:40
英镑,867.61,840.66,874,875.92,867.6,867.6,2018.06.27 19:45:30
英镑,867.29,840.34,873.67,875.59,867.6,867.6,2018.06.27 19:41:50
英镑,867.61,840.66,874,875.92,867.6,867.6,2018.06.27 19:37:00
英镑,868.47,841.49,874.87,876.78,867.6,867.6,2018.06.27 19:32:37
英镑,868.54,841.55,874.94,876.85,867.6,867.6,2018.06.27 19:29:43
英镑,868.47,841.49,874.87,876.78,867.6,867.6,2018.06.27 19:28:18
英镑,868.34,841.36,874.74,876.65,867.6,867.6,2018.06.27 19:25:18
英镑,868.54,841.55,874.94,876.85,867.6,867.6,2018.06.27 19:24:49
英镑,868.34,841.36,874.74,876.65,867.6,867.6,2018.06.27 19:23:04
英镑,868.4,841.42,874.8,876.71,867.6,867.6,2018.06.27 19:21:15
英镑,868.14,841.17,874.54,876.45,867.6,867.6,2018.06.27 19:19:36
英镑,868.74,841.75,875.14,877.06,867.6,867.6,2018.06.27 19:16:04
英镑,868.74,841.75,875.14,877.06,867.6,867.6,2018.06.27 19:13:43
英镑,868.6,841.61,875,876.92,867.6,867.6,2018.06.27 19:12:35
英镑,868.6,841.61,875,876.92,867.6,867.6,2018.06.27 19:11:52
英镑,868.74,841.75,875.14,877.06,867.6,867.6,2018.06.27 19:11:31
英镑,869.07,842.07,875.47,877.39,867.6,867.6,2018.06.27 19:09:50
英镑,869.26,842.25,875.66,877.58,867.6,867.6,2018.06.27 19:06:55
英镑,869.46,842.44,875.86,877.78,867.6,867.6,2018.06.27 19:04:30
英镑,869.26,842.25,875.66,877.58,867.6,867.6,2018.06.27 19:03:54
英镑,869.4,842.39,875.8,877.72,867.6,867.6,2018.06.27 19:00:03
英镑,869.86,842.83,876.26,878.18,867.6,867.6,2018.06.27 18:56:49
英镑,869.73,842.7,876.13,878.05,867.6,867.6,2018.06.27 18:54:50
英镑,869.86,842.83,876.26,878.18,867.6,867.6,2018.06.27 18:53:49
英镑,869.92,842.89,876.32,878.24,867.6,867.6,2018.06.27 18:53:31
英镑,869.79,842.76,876.19,878.11,867.6,867.6,2018.06.27 18:48:50
英镑,869.99,842.95,876.39,878.31,867.6,867.6,2018.06.27 18:44:16
英镑,869.79,842.76,876.19,878.11,867.6,867.6,2018.06.27 18:42:31
英镑,870.06,843.02,876.46,878.38,867.6,867.6,2018.06.27 18:40:45
英镑,869.92,842.89,876.32,878.24,867.6,867.6,2018.06.27 18:40:18
英镑,869.92,842.89,876.32,878.24,867.6,867.6,2018.06.27 18:39:04
英镑,869.86,842.83,876.26,878.18,867.6,867.6,2018.06.27 18:37:34
英镑,870.06,843.02,876.46,878.38,867.6,867.6,2018.06.27 18:36:26
英镑,870.19,843.15,876.59,878.52,867.6,867.6,2018.06.27 18:35:08
英镑,869.86,842.83,876.26,878.18,867.6,867.6,2018.06.27 18:34:19
英镑,869.73,842.7,876.13,878.05,867.6,867.6,2018.06.27 18:33:57
英镑,869.79,842.76,876.19,878.11,867.6,867.6,2018.06.27 18:32:04
英镑,869.86,842.83,876.26,878.18,867.6,867.6,2018.06.27 18:29:19
英镑,869.92,842.89,876.32,878.24,867.6,867.6,2018.06.27 18:28:51
英镑,869.86,842.83,876.26,878.18,867.6,867.6,2018.06.27 18:27:39
英镑,869.86,842.83,876.26,878.18,867.6,867.6,2018.06.27 18:26:08
英镑,869.79,842.76,876.19,878.11,867.6,867.6,2018.06.27 18:25:19
英镑,869.73,842.7,876.13,878.05,867.6,867.6,2018.06.27 18:21:44
英镑,869.86,842.83,876.26,878.18,867.6,867.6,2018.06.27 18:21:07
英镑,869.53,842.51,875.93,877.85,867.6,867.6,2018.06.27 18:18:48
英镑,869.73,842.7,876.13,878.05,867.6,867.6,2018.06.27 18:16:01
英镑,869.53,842.51,875.93,877.85,867.6,867.6,2018.06.27 18:15:20
英镑,869.73,842.7,876.13,878.05,867.6,867.6,2018.06.27 18:13:23
英镑,869.86,842.83,876.26,878.18,867.6,867.6,2018.06.27 18:09:32
英镑,869.86,842.83,876.26,878.18,867.6,867.6,2018.06.27 18:05:23
英镑,869.92,842.89,876.32,878.24,867.6,867.6,2018.06.27 18:03:50
英镑,869.92,842.89,876.32,878.24,867.6,867.6,2018.06.27 18:02:47
英镑,869.79,842.76,876.19,878.11,867.6,867.6,2018.06.27 17:55:22
英镑,869.73,842.7,876.13,878.05,867.6,867.6,2018.06.27 17:54:19
英镑,869.79,842.76,876.19,878.11,867.6,867.6,2018.06.27 17:53:10
英镑,869.46,842.44,875.86,877.78,867.6,867.6,2018.06.27 17:49:05
英镑,869.4,842.39,875.8,877.72,867.6,867.6,2018.06.27 17:47:23
英镑,869.13,842.12,875.53,877.45,867.6,867.6,2018.06.27 17:45:08
英镑,869.2,842.19,875.6,877.52,867.6,867.6,2018.06.27 17:44:28
英镑,869.13,842.12,875.53,877.45,867.6,867.6,2018.06.27 17:42:54
英镑,869.33,842.32,875.73,877.65,867.6,867.6,2018.06.27 17:42:41
英镑,870.32,843.27,876.73,878.65,867.6,867.6,2018.06.27 17:34:48
英镑,870.19,843.15,876.59,878.52,867.6,867.6,2018.06.27 17:31:55
英镑,870.26,843.22,876.66,878.59,867.6,867.6,2018.06.27 17:29:09
英镑,870.19,843.15,876.59,878.52,867.6,867.6,2018.06.27 17:27:32
英镑,870.32,843.27,876.73,878.65,867.6,867.6,2018.06.27 17:26:44
英镑,870.39,843.34,876.8,878.72,867.6,867.6,2018.06.27 17:24:42
英镑,870.39,843.34,876.8,878.72,867.6,867.6,2018.06.27 17:20:44
英镑,870.19,843.15,876.59,878.52,867.6,867.6,2018.06.27 17:17:34
英镑,870.19,843.15,876.59,878.52,867.6,867.6,2018.06.27 17:14:16
英镑,870.39,843.34,876.8,878.72,867.6,867.6,2018.06.27 17:12:41
英镑,870.42,843.37,876.83,878.75,867.6,867.6,2018.06.27 17:10:41
英镑,870.09,843.05,876.49,878.41,867.6,867.6,2018.06.27 17:07:15
英镑,869.86,842.83,876.26,878.18,867.6,867.6,2018.06.27 17:06:41
英镑,869.72,842.69,876.12,878.04,867.6,867.6,2018.06.27 17:06:35
英镑,869.66,842.64,876.06,877.98,867.6,867.6,2018.06.27 17:06:28
英镑,869.53,842.51,875.93,877.85,867.6,867.6,2018.06.27 17:04:47
英镑,869.79,842.76,876.19,878.11,867.6,867.6,2018.06.27 17:03:40
英镑,869.79,842.76,876.19,878.11,867.6,867.6,2018.06.27 16:51:10
英镑,869.46,842.44,875.86,877.78,867.6,867.6,2018.06.27 16:48:07
英镑,869.46,842.44,875.86,877.78,867.6,867.6,2018.06.27 16:44:11
英镑,869.4,842.39,875.8,877.72,867.6,867.6,2018.06.27 16:42:04
英镑,869.4,842.39,875.8,877.72,867.6,867.6,2018.06.27 16:40:34
英镑,869.73,842.7,876.13,878.05,867.6,867.6,2018.06.27 16:38:10
英镑,869.86,842.83,876.26,878.18,867.6,867.6,2018.06.27 16:38:04
英镑,869.73,842.7,876.13,878.05,867.6,867.6,2018.06.27 16:37:57
英镑,869.33,842.32,875.73,877.65,867.6,867.6,2018.06.27 16:36:05
英镑,869.07,842.07,875.47,877.39,867.6,867.6,2018.06.27 16:34:28
英镑,869.07,842.07,875.47,877.39,867.6,867.6,2018.06.27 16:33:19
英镑,868.87,841.87,875.27,877.19,867.6,867.6,2018.06.27 16:32:28
英镑,868.8,841.81,875.2,877.12,867.6,867.6,2018.06.27 16:31:52
英镑,868.47,841.49,874.87,876.78,867.6,867.6,2018.06.27 16:31:45
英镑,868.47,841.49,874.87,876.78,867.6,867.6,2018.06.27 16:29:46
英镑,868.21,841.24,874.61,876.52,867.6,867.6,2018.06.27 16:29:28
英镑,868.08,841.11,874.48,876.39,867.6,867.6,2018.06.27 16:29:21
英镑,867.81,840.85,874.2,876.12,867.6,867.6,2018.06.27 16:28:55
英镑,867.65,840.7,874.04,875.96,867.6,867.6,2018.06.27 16:28:34
英镑,867.23,840.28,873.61,875.53,867.6,867.6,2018.06.27 16:26:23
英镑,867.25,840.3,873.63,875.55,867.6,867.6,2018.06.27 16:24:19
英镑,867.16,840.21,873.54,875.46,867.6,867.6,2018.06.27 16:24:11
英镑,867.56,840.6,873.94,875.86,867.6,867.6,2018.06.27 16:21:22
英镑,867.27,840.32,873.65,875.57,867.6,867.6,2018.06.27 16:17:18
英镑,867.23,840.28,873.61,875.53,867.6,867.6,2018.06.27 16:15:08
英镑,867.61,840.66,874,875.92,867.6,867.6,2018.06.27 16:14:35
英镑,867.81,840.85,874.2,876.12,867.6,867.6,2018.06.27 16:14:06
英镑,868.01,841.04,874.41,876.32,867.6,867.6,2018.06.27 16:13:53
英镑,867.88,840.92,874.28,876.19,867.6,867.6,2018.06.27 16:08:19
英镑,867.81,840.85,874.2,876.12,867.6,867.6,2018.06.27 16:06:58
英镑,868.34,841.36,874.74,876.65,867.6,867.6,2018.06.27 16:01:41
英镑,868.27,841.29,874.67,876.58,867.6,867.6,2018.06.27 16:01:33
英镑,868.27,841.29,874.67,876.58,867.6,867.6,2018.06.27 15:59:46
英镑,868.01,841.04,874.41,876.32,867.6,867.6,2018.06.27 15:58:07
英镑,867.88,840.92,874.28,876.19,867.6,867.6,2018.06.27 15:56:39
英镑,867.94,840.98,874.34,876.25,867.6,867.6,2018.06.27 15:56:07
英镑,867.81,840.85,874.2,876.12,867.6,867.6,2018.06.27 15:55:33
英镑,868.19,841.22,874.59,876.5,867.6,867.6,2018.06.27 15:52:31
英镑,868.29,841.31,874.69,876.6,867.6,867.6,2018.06.27 15:51:08
英镑,868.43,841.45,874.83,876.74,867.6,867.6,2018.06.27 15:50:12
英镑,868.43,841.45,874.83,876.74,867.6,867.6,2018.06.27 15:47:06
英镑,868.18,841.21,874.58,876.49,867.6,867.6,2018.06.27 15:44:06
英镑,868.4,841.42,874.8,876.71,867.6,867.6,2018.06.27 15:43:15
英镑,868.64,841.65,875.04,876.96,867.6,867.6,2018.06.27 15:42:32
英镑,868.6,841.61,875,876.92,867.6,867.6,2018.06.27 15:42:26
英镑,868.65,841.66,875.05,876.97,867.6,867.6,2018.06.27 15:41:14
英镑,868.56,841.57,874.96,876.88,867.6,867.6,2018.06.27 15:39:54
英镑,868.36,841.38,874.76,876.67,867.6,867.6,2018.06.27 15:38:38
英镑,868.5,841.52,874.9,876.81,867.6,867.6,2018.06.27 15:36:25
英镑,868.48,841.5,874.88,876.79,867.6,867.6,2018.06.27 15:35:31
英镑,868.47,841.49,874.87,876.78,867.6,867.6,2018.06.27 15:35:12
英镑,868.38,841.4,874.78,876.69,867.6,867.6,2018.06.27 15:33:46
英镑,868.34,841.36,874.74,876.65,867.6,867.6,2018.06.27 15:26:10
英镑,868.59,841.6,874.99,876.91,867.6,867.6,2018.06.27 15:25:23
英镑,868.43,841.45,874.83,876.74,867.6,867.6,2018.06.27 15:25:02
英镑,868.53,841.54,874.93,876.84,867.6,867.6,2018.06.27 15:23:36
英镑,868.4,841.42,874.8,876.71,867.6,867.6,2018.06.27 15:22:00
英镑,868.6,841.61,875,876.92,867.6,867.6,2018.06.27 15:19:56
英镑,868.53,841.54,874.93,876.84,867.6,867.6,2018.06.27 15:19:37
英镑,868.73,841.74,875.13,877.05,867.6,867.6,2018.06.27 15:19:15
英镑,868.87,841.87,875.27,877.19,867.6,867.6,2018.06.27 15:18:57
英镑,868.93,841.93,875.33,877.25,867.6,867.6,2018.06.27 15:18:47
英镑,869.2,842.19,875.6,877.52,867.6,867.6,2018.06.27 15:17:38
英镑,869.39,842.38,875.79,877.71,867.6,867.6,2018.06.27 15:16:29
英镑,869.73,842.7,876.13,878.05,867.6,867.6,2018.06.27 15:13:34
英镑,869.86,842.83,876.26,878.18,867.6,867.6,2018.06.27 15:13:26
英镑,869.79,842.76,876.19,878.11,867.6,867.6,2018.06.27 15:12:01
英镑,869.66,842.64,876.06,877.98,867.6,867.6,2018.06.27 15:08:34
英镑,869.61,842.59,876.01,877.93,867.6,867.6,2018.06.27 15:05:09
英镑,869.66,842.64,876.06,877.98,867.6,867.6,2018.06.27 15:05:04
英镑,869.53,842.51,875.93,877.85,867.6,867.6,2018.06.27 15:03:20
英镑,869.66,842.64,876.06,877.98,867.6,867.6,2018.06.27 15:02:22
英镑,869.59,842.57,875.99,877.91,867.6,867.6,2018.06.27 14:59:13
英镑,869.26,842.25,875.66,877.58,867.6,867.6,2018.06.27 14:50:01
英镑,869.33,842.32,875.73,877.65,867.6,867.6,2018.06.27 14:49:24
英镑,869.3,842.29,875.7,877.62,867.6,867.6,2018.06.27 14:47:39
英镑,869.53,842.51,875.93,877.85,867.6,867.6,2018.06.27 14:42:44
英镑,869.46,842.44,875.86,877.78,867.6,867.6,2018.06.27 14:42:41
英镑,869.73,842.7,876.13,878.05,867.6,867.6,2018.06.27 14:42:02
英镑,869.73,842.7,876.13,878.05,867.6,867.6,2018.06.27 14:40:34
英镑,869.53,842.51,875.93,877.85,867.6,867.6,2018.06.27 14:40:16
英镑,869.59,842.57,875.99,877.91,867.6,867.6,2018.06.27 14:39:16
英镑,869.86,842.83,876.26,878.18,867.6,867.6,2018.06.27 14:37:08
英镑,869.86,842.83,876.26,878.18,867.6,867.6,2018.06.27 14:36:00
英镑,869.86,842.83,876.26,878.18,867.6,867.6,2018.06.27 14:33:49
英镑,869.8,842.77,876.2,878.12,867.6,867.6,2018.06.27 14:33:29
英镑,869.86,842.83,876.26,878.18,867.6,867.6,2018.06.27 14:33:37
英镑,869.66,842.64,876.06,877.98,867.6,867.6,2018.06.27 14:33:12
英镑,869.66,842.64,876.06,877.98,867.6,867.6,2018.06.27 14:29:34
英镑,869.66,842.64,876.06,877.98,867.6,867.6,2018.06.27 14:28:53
英镑,869.59,842.57,875.99,877.91,867.6,867.6,2018.06.27 14:27:09
英镑,869.53,842.51,875.93,877.85,867.6,867.6,2018.06.27 14:20:42
英镑,869.33,842.32,875.73,877.65,867.6,867.6,2018.06.27 14:19:36
英镑,869.33,842.32,875.73,877.65,867.6,867.6,2018.06.27 14:14:51
英镑,868.93,841.93,875.33,877.25,867.6,867.6,2018.06.27 14:09:39
英镑,868.77,841.78,875.17,877.09,867.6,867.6,2018.06.27 14:08:47
英镑,868.51,841.53,874.91,876.82,867.6,867.6,2018.06.27 14:03:10
英镑,868.35,841.37,874.75,876.66,867.6,867.6,2018.06.27 14:01:19
英镑,868.4,841.42,874.8,876.71,867.6,867.6,2018.06.27 13:59:38
英镑,868.54,841.55,874.94,876.85,867.6,867.6,2018.06.27 13:59:18
英镑,868.67,841.68,875.07,876.99,867.6,867.6,2018.06.27 13:56:56
英镑,868.67,841.68,875.07,876.99,867.6,867.6,2018.06.27 13:56:46
英镑,868.73,841.74,875.13,877.05,867.6,867.6,2018.06.27 13:54:21
英镑,868.87,841.87,875.27,877.19,867.6,867.6,2018.06.27 13:52:42
英镑,868.93,841.93,875.33,877.25,867.6,867.6,2018.06.27 13:48:39
英镑,869,842,875.4,877.32,867.6,867.6,2018.06.27 13:44:26
英镑,869.2,842.19,875.6,877.52,867.6,867.6,2018.06.27 13:44:09
英镑,869.33,842.32,875.73,877.65,867.6,867.6,2018.06.27 13:36:09
英镑,869.13,842.12,875.53,877.45,867.6,867.6,2018.06.27 13:34:45
英镑,869.43,842.41,875.83,877.75,867.6,867.6,2018.06.27 11:48:24
英镑,869.39,842.38,875.79,877.71,867.6,867.6,2018.06.27 11:46:20
英镑,869.46,842.44,875.86,877.78,867.6,867.6,2018.06.27 11:41:12
英镑,869.33,842.32,875.73,877.65,867.6,867.6,2018.06.27 11:34:37
英镑,869.53,842.51,875.93,877.85,867.6,867.6,2018.06.27 11:34:03
英镑,869.79,842.76,876.19,878.11,867.6,867.6,2018.06.27 11:33:32
英镑,869.79,842.76,876.19,878.11,867.6,867.6,2018.06.27 11:33:12
英镑,869.92,842.89,876.32,878.24,867.6,867.6,2018.06.27 11:32:58
英镑,870.32,843.27,876.73,878.65,867.6,867.6,2018.06.27 11:32:22
英镑,869.99,842.95,876.39,878.31,867.6,867.6,2018.06.27 11:30:07
英镑,869.99,842.95,876.39,878.31,867.6,867.6,2018.06.27 11:28:57
英镑,869.92,842.89,876.32,878.24,867.6,867.6,2018.06.27 11:28:50
英镑,870.12,843.08,876.52,878.44,867.6,867.6,2018.06.27 11:28:18
英镑,870.25,843.21,876.65,878.58,867.6,867.6,2018.06.27 11:27:09
英镑,870.25,843.21,876.65,878.58,867.6,867.6,2018.06.27 11:24:14
英镑,870.45,843.4,876.86,878.78,867.6,867.6,2018.06.27 11:22:14
英镑,870.19,843.15,876.59,878.52,867.6,867.6,2018.06.27 11:21:20
英镑,870.06,843.02,876.46,878.38,867.6,867.6,2018.06.27 11:20:17
英镑,869.99,842.95,876.39,878.31,867.6,867.6,2018.06.27 11:17:42
英镑,869.99,842.95,876.39,878.31,867.6,867.6,2018.06.27 11:16:01
英镑,869.92,842.89,876.32,878.24,867.6,867.6,2018.06.27 11:15:18
英镑,870.12,843.08,876.52,878.44,867.6,867.6,2018.06.27 11:14:22
英镑,870.32,843.27,876.73,878.65,867.6,867.6,2018.06.27 11:13:54
英镑,870.45,843.4,876.86,878.78,867.6,867.6,2018.06.27 11:13:23
英镑,870.52,843.47,876.93,878.85,867.6,867.6,2018.06.27 11:11:50
英镑,870.32,843.27,876.73,878.65,867.6,867.6,2018.06.27 11:11:15
英镑,870.25,843.21,876.65,878.58,867.6,867.6,2018.06.27 11:09:49
英镑,870.19,843.15,876.59,878.52,867.6,867.6,2018.06.27 11:09:23
英镑,870.52,843.47,876.93,878.85,867.6,867.6,2018.06.27 11:07:50
英镑,870.12,843.08,876.52,878.44,867.6,867.6,2018.06.27 11:07:28
英镑,869.99,842.95,876.39,878.31,867.6,867.6,2018.06.27 11:07:07
英镑,870.59,843.53,877,878.92,867.6,867.6,2018.06.27 11:06:55
英镑,871.17,844.1,877.59,879.51,867.6,867.6,2018.06.27 11:06:05
英镑,871.37,844.3,877.79,879.71,867.6,867.6,2018.06.27 11:05:27
英镑,871.57,844.49,877.99,879.91,867.6,867.6,2018.06.27 11:04:44
英镑,871.57,844.49,877.99,879.91,867.6,867.6,2018.06.27 11:04:31
英镑,871.5,844.42,877.92,879.84,867.6,867.6,2018.06.27 11:03:42
英镑,871.63,844.55,878.05,879.97,867.6,867.6,2018.06.27 11:02:11
英镑,871.43,844.36,877.85,879.77,867.6,867.6,2018.06.27 11:01:11
英镑,871.37,844.3,877.79,879.71,867.6,867.6,2018.06.27 10:57:07
英镑,871.37,844.3,877.79,879.71,867.6,867.6,2018.06.27 10:57:07
英镑,870.91,843.85,877.33,879.25,867.6,867.6,2018.06.27 10:56:55
英镑,870.97,843.91,877.39,879.31,867.6,867.6,2018.06.27 10:56:27
英镑,870.84,843.79,877.26,879.18,867.6,867.6,2018.06.27 10:55:27
英镑,870.91,843.85,877.33,879.25,867.6,867.6,2018.06.27 10:54:21
英镑,870.97,843.91,877.39,879.31,867.6,867.6,2018.06.27 10:49:49
英镑,870.97,843.91,877.39,879.31,867.6,867.6,2018.06.27 10:47:58
英镑,871.1,844.04,877.52,879.44,867.6,867.6,2018.06.27 10:42:33
英镑,871.14,844.08,877.56,879.48,867.6,867.6,2018.06.27 10:42:07
英镑,870.97,843.91,877.39,879.31,867.6,867.6,2018.06.27 10:34:22
英镑,871.14,844.08,877.56,879.48,867.6,867.6,2018.06.27 10:31:30
英镑,871.17,844.1,877.59,879.51,867.6,867.6,2018.06.27 10:30:14
英镑,871.04,843.98,877.46,879.38,867.6,867.6,2018.06.27 10:30:07
英镑,870.91,843.85,877.33,879.25,867.6,867.6,2018.06.27 10:26:40
英镑,870.75,843.7,877.17,879.09,867.6,867.6,2018.06.27 10:22:49
英镑,870.64,843.59,877.06,878.98,867.6,867.6,2018.06.27 10:19:36
英镑,870.71,843.66,877.13,879.05,867.6,867.6,2018.06.27 10:17:25
英镑,870.75,843.7,877.17,879.09,867.6,867.6,2018.06.27 10:13:43
英镑,870.75,843.7,877.17,879.09,867.6,867.6,2018.06.27 10:13:43
英镑,870.64,843.59,877.06,878.98,867.6,867.6,2018.06.27 10:12:02
英镑,870.64,843.59,877.06,878.98,867.6,867.6,2018.06.27 10:07:57
英镑,870.75,843.7,877.17,879.09,867.6,867.6,2018.06.27 10:07:10
英镑,870.64,843.59,877.06,878.98,867.6,867.6,2018.06.27 10:07:05
英镑,870.91,843.85,877.33,879.25,867.6,867.6,2018.06.27 10:04:27
英镑,870.84,843.79,877.26,879.18,867.6,867.6,2018.06.27 10:04:06
英镑,870.61,843.56,877.03,878.95,867.6,867.6,2018.06.27 10:03:56
英镑,870.61,843.56,877.03,878.95,867.6,867.6,2018.06.27 10:03:02
英镑,870.52,843.47,876.93,878.85,867.6,867.6,2018.06.27 10:01:47
英镑,870.52,843.47,876.93,878.85,867.6,867.6,2018.06.27 10:00:55
英镑,870.64,843.59,877.06,878.98,867.6,867.6,2018.06.27 10:00:50
英镑,870.84,843.79,877.26,879.18,867.6,867.6,2018.06.27 10:00:36
英镑,870.91,843.85,877.33,879.25,867.6,867.6,2018.06.27 09:59:00
英镑,870.97,843.91,877.39,879.31,867.6,867.6,2018.06.27 09:58:39
英镑,870.77,843.72,877.19,879.11,867.6,867.6,2018.06.27 09:58:26
英镑,870.45,843.4,876.86,878.78,867.6,867.6,2018.06.27 09:57:27
英镑,870.25,843.21,876.65,878.58,867.6,867.6,2018.06.27 09:57:18
英镑,869.86,842.83,876.26,878.18,867.6,867.6,2018.06.27 09:55:52
英镑,869.73,842.7,876.13,878.05,867.6,867.6,2018.06.27 09:55:42
英镑,869.79,842.76,876.19,878.11,867.6,867.6,2018.06.27 09:49:28
英镑,869.73,842.7,876.13,878.05,867.6,867.6,2018.06.27 09:47:02
英镑,869.63,842.61,876.03,877.95,867.6,867.6,2018.06.27 09:46:40
英镑,869.59,842.57,875.99,877.91,867.6,867.6,2018.06.27 09:46:19
英镑,869.41,842.39,875.81,877.73,867.6,867.6,2018.06.27 09:44:23
英镑,869.28,842.27,875.68,877.6,867.6,867.6,2018.06.27 09:43:27
英镑,869.13,842.12,875.53,877.45,867.6,867.6,2018.06.27 09:43:11
英镑,869.14,842.13,875.54,877.46,867.6,867.6,2018.06.27 09:40:38
英镑,868.93,841.93,875.33,877.25,867.6,867.6,2018.06.27 09:40:14
英镑,868.8,841.81,875.2,877.12,867.6,867.6,2018.06.27 09:40:06
英镑,868.67,841.68,875.07,876.99,867.6,867.6,2018.06.27 09:39:34
英镑,868.6,841.61,875,876.92,867.6,867.6,2018.06.27 09:39:05
英镑,868.47,841.49,874.87,876.78,867.6,867.6,2018.06.27 09:38:57
英镑,868.47,841.49,874.87,876.78,867.6,867.6,2018.06.27 09:38:10
英镑,868.2,841.23,874.6,876.51,867.6,867.6,2018.06.27 09:36:34
英镑,868.14,841.17,874.54,876.45,867.6,867.6,2018.06.27 09:36:30
英镑,868.01,841.04,874.41,876.32,867.6,867.6,2018.06.27 09:35:26
英镑,868.01,841.04,874.41,876.32,867.6,867.6,2018.06.27 09:35:01
英镑,867.87,840.91,874.27,876.18,867.6,867.6,2018.06.27 09:33:07
英镑,867.61,840.66,874,875.92,867.6,867.6,2018.06.27 09:32:15
英镑,867.35,840.4,873.73,875.65,867.6,867.6,2018.06.27 09:30:42
英镑,867.16,840.21,873.54,875.46,867.6,867.6,2018.06.27 09:25:16
英镑,867.09,840.14,873.47,875.39,867.6,867.6,2018.06.27 09:25:12
英镑,867.09,840.14,873.47,875.39,866.05,866.05,2018.06.27 09:20:35
英镑,867.02,840.08,873.4,875.32,866.05,866.05,2018.06.27 09:20:22
英镑,867.09,840.14,873.47,875.39,866.05,866.05,2018.06.27 09:20:20
英镑,867.09,840.14,873.47,875.39,866.05,866.05,2018.06.27 09:20:17
英镑,867.02,840.08,873.4,875.32,866.05,866.05,2018.06.27 09:20:14
英镑,867.09,840.14,873.47,875.39,866.05,866.05,2018.06.27 09:20:12
英镑,867.02,840.08,873.4,875.32,866.05,866.05,2018.06.27 09:20:07
英镑,866.83,839.89,873.21,875.12,866.05,866.05,2018.06.27 09:20:02
英镑,867.29,840.34,873.67,875.59,866.05,866.05,2018.06.27 09:19:50
英镑,866.36,839.44,872.74,874.65,866.05,866.05,2018.06.27 09:19:54
英镑,867.68,840.72,874.07,875.99,866.05,866.05,2018.06.27 09:19:44
英镑,868.14,841.17,874.54,876.45,866.05,866.05,2018.06.27 09:19:40
英镑,868.14,841.17,874.54,876.45,866.05,866.05,2018.06.27 09:19:35
英镑,868.34,841.36,874.74,876.65,866.05,866.05,2018.06.27 09:19:30
英镑,868.07,841.1,874.47,876.38,866.05,866.05,2018.06.27 09:19:25
英镑,867.74,840.78,874.13,876.05,866.05,866.05,2018.06.27 09:19:16
英镑,867.42,840.46,873.8,875.72,866.05,866.05,2018.06.27 09:19:11
英镑,866.63,839.7,873.01,874.92,866.05,866.05,2018.06.27 08:39:26
英镑,866.76,839.83,873.14,875.05,866.05,866.05,2018.06.27 07:52:03
英镑,866.96,840.02,873.34,875.26,866.05,866.05,2018.06.27 07:51:53
英镑,867.22,840.27,873.6,875.52,866.05,866.05,2018.06.27 06:50:36
英镑,868.46,841.48,874.86,876.77,866.05,866.05,2018.06.27 05:30:00
英镑,868.46,841.48,874.86,876.77,866.05,866.05,2018.06.27 05:30:00
英镑,868.46,841.48,874.86,876.77,866.05,866.05,2018.06.27 05:30:00
英镑,868.46,841.48,874.86,876.77,866.05,866.05,2018.06.27 00:21:36
英镑,868.13,841.16,874.53,876.44,866.05,866.05,2018.06.27 00:15:51
英镑,868.27,841.29,874.67,876.58,866.05,866.05,2018.06.27 00:02:00
英镑,868.25,841.27,874.65,876.56,866.05,866.05,2018.06.27 00:01:49
英镑,867.86,840.9,874.26,876.17,866.05,866.05,2018.06.26 23:51:05
英镑,867.86,840.9,874.26,876.17,866.05,866.05,2018.06.27 00:00:05
英镑,867.86,840.9,874.26,876.17,866.05,866.05,2018.06.26 23:51:05
英镑,867.86,840.9,874.26,876.17,866.05,866.05,2018.06.26 23:51:05
英镑,868.33,841.35,874.73,876.64,866.05,866.05,2018.06.26 23:50:03
英镑,868.2,841.23,874.6,876.51,866.05,866.05,2018.06.26 23:48:13
英镑,868.66,841.67,875.06,876.98,866.05,866.05,2018.06.26 23:27:05
英镑,868.53,841.54,874.93,876.84,866.05,866.05,2018.06.26 23:25:16
英镑,868.53,841.54,874.93,876.84,866.05,866.05,2018.06.26 23:23:38
英镑,868.46,841.48,874.86,876.77,866.05,866.05,2018.06.26 23:22:21
英镑,868.27,841.29,874.67,876.58,866.05,866.05,2018.06.26 23:18:39
英镑,868.07,841.1,874.47,876.38,866.05,866.05,2018.06.26 23:15:20
英镑,868.46,841.48,874.86,876.77,866.05,866.05,2018.06.26 23:13:42
英镑,868.6,841.61,875,876.92,866.05,866.05,2018.06.26 23:10:31
英镑,868.4,841.42,874.8,876.71,866.05,866.05,2018.06.26 23:09:06
英镑,868.4,841.42,874.8,876.71,866.05,866.05,2018.06.26 23:08:43
英镑,868.4,841.42,874.8,876.71,866.05,866.05,2018.06.26 23:07:42
英镑,868.2,841.23,874.6,876.51,866.05,866.05,2018.06.26 23:06:17
英镑,868.4,841.42,874.8,876.71,866.05,866.05,2018.06.26 23:04:40
英镑,868.33,841.35,874.73,876.64,866.05,866.05,2018.06.26 23:02:58
英镑,868.07,841.1,874.47,876.38,866.05,866.05,2018.06.26 23:00:03
英镑,868.73,841.74,875.13,877.05,866.05,866.05,2018.06.26 22:56:25
英镑,868.99,841.99,875.39,877.31,866.05,866.05,2018.06.26 22:51:46
英镑,868.73,841.74,875.13,877.05,866.05,866.05,2018.06.26 22:45:54
英镑,868.6,841.61,875,876.92,866.05,866.05,2018.06.26 22:37:32
英镑,868.47,841.49,874.87,876.78,866.05,866.05,2018.06.26 22:35:17
英镑,868.07,841.1,874.47,876.38,866.05,866.05,2018.06.26 22:33:40
英镑,868,841.03,874.4,876.31,866.05,866.05,2018.06.26 22:31:03
英镑,867.81,840.85,874.2,876.12,866.05,866.05,2018.06.26 22:26:26
英镑,867.55,840.59,873.93,875.85,866.05,866.05,2018.06.26 22:23:15
英镑,868,841.03,874.4,876.31,866.05,866.05,2018.06.26 22:16:44
英镑,867.81,840.85,874.2,876.12,866.05,866.05,2018.06.26 22:15:22
英镑,867.67,840.71,874.06,875.98,866.05,866.05,2018.06.26 22:13:13
英镑,868.46,841.48,874.86,876.77,866.05,866.05,2018.06.26 22:10:09
英镑,868.53,841.54,874.93,876.84,866.05,866.05,2018.06.26 22:04:51
英镑,868.79,841.8,875.19,877.11,866.05,866.05,2018.06.26 21:57:11
英镑,868.86,841.86,875.26,877.18,866.05,866.05,2018.06.26 21:53:58
英镑,868.73,841.74,875.13,877.05,866.05,866.05,2018.06.26 21:52:06
英镑,868.46,841.48,874.86,876.77,866.05,866.05,2018.06.26 21:44:45
英镑,868.33,841.35,874.73,876.64,866.05,866.05,2018.06.26 21:44:04
英镑,868.58,841.59,874.98,876.9,866.05,866.05,2018.06.26 21:43:01
英镑,868.65,841.66,875.05,876.97,866.05,866.05,2018.06.26 21:41:56
英镑,868.53,841.54,874.93,876.84,866.05,866.05,2018.06.26 21:41:20
英镑,868.66,841.67,875.06,876.98,866.05,866.05,2018.06.26 21:38:17
英镑,868.73,841.74,875.13,877.05,866.05,866.05,2018.06.26 21:35:29
英镑,868.66,841.67,875.06,876.98,866.05,866.05,2018.06.26 21:33:18
英镑,868.46,841.48,874.86,876.77,866.05,866.05,2018.06.26 21:31:00
英镑,868.73,841.74,875.13,877.05,866.05,866.05,2018.06.26 21:25:53
英镑,868.46,841.48,874.86,876.77,866.05,866.05,2018.06.26 21:21:17
英镑,868.2,841.23,874.6,876.51,866.05,866.05,2018.06.26 21:18:55
英镑,868.53,841.54,874.93,876.84,866.05,866.05,2018.06.26 21:15:57
英镑,868.33,841.35,874.73,876.64,866.05,866.05,2018.06.26 21:13:56
英镑,868.2,841.23,874.6,876.51,866.05,866.05,2018.06.26 21:11:35
英镑,868.2,841.23,874.6,876.51,866.05,866.05,2018.06.26 21:07:33
英镑,868.53,841.54,874.93,876.84,866.05,866.05,2018.06.26 21:05:04
英镑,868.2,841.23,874.6,876.51,866.05,866.05,2018.06.26 21:00:13
英镑,868.2,841.23,874.6,876.51,866.05,866.05,2018.06.26 20:57:58
英镑,868.26,841.28,874.66,876.57,866.05,866.05,2018.06.26 20:57:01
英镑,868.07,841.1,874.47,876.38,866.05,866.05,2018.06.26 20:49:09
英镑,868.33,841.35,874.73,876.64,866.05,866.05,2018.06.26 20:44:42
英镑,868.26,841.28,874.66,876.57,866.05,866.05,2018.06.26 20:30:20
英镑,868.39,841.41,874.79,876.7,866.05,866.05,2018.06.26 20:21:19
英镑,868.13,841.16,874.53,876.44,866.05,866.05,2018.06.26 20:20:43
英镑,868.07,841.1,874.47,876.38,866.05,866.05,2018.06.26 20:20:31
英镑,867.8,840.84,874.19,876.11,866.05,866.05,2018.06.26 20:11:24
英镑,868.2,841.23,874.6,876.51,866.05,866.05,2018.06.26 20:01:02
英镑,868.07,841.1,874.47,876.38,866.05,866.05,2018.06.26 20:00:00
英镑,868,841.03,874.4,876.31,866.05,866.05,2018.06.26 19:58:07
英镑,867.8,840.84,874.19,876.11,866.05,866.05,2018.06.26 19:55:44
英镑,868,841.03,874.4,876.31,866.05,866.05,2018.06.26 19:52:56
英镑,868.26,841.28,874.66,876.57,866.05,866.05,2018.06.26 19:48:14
英镑,868.13,841.16,874.53,876.44,866.05,866.05,2018.06.26 19:47:16
英镑,867.93,840.97,874.33,876.24,866.05,866.05,2018.06.26 19:39:43
英镑,868.06,841.09,874.46,876.37,866.05,866.05,2018.06.26 19:34:16
英镑,867.8,840.84,874.19,876.11,866.05,866.05,2018.06.26 19:32:19
英镑,867.42,840.46,873.8,875.72,866.05,866.05,2018.06.26 19:29:04
英镑,867.6,840.65,873.99,875.91,866.05,866.05,2018.06.26 19:26:29
英镑,867.73,840.77,874.12,876.04,866.05,866.05,2018.06.26 19:25:03
英镑,867.6,840.65,873.99,875.91,866.05,866.05,2018.06.26 19:22:02
英镑,867.55,840.59,873.93,875.85,866.05,866.05,2018.06.26 19:19:32
英镑,867.35,840.4,873.73,875.65,866.05,866.05,2018.06.26 19:18:52
英镑,867.35,840.4,873.73,875.65,866.05,866.05,2018.06.26 19:16:20
英镑,867.42,840.46,873.8,875.72,866.05,866.05,2018.06.26 19:14:17
英镑,867.55,840.59,873.93,875.85,866.05,866.05,2018.06.26 19:11:44
英镑,867.42,840.46,873.8,875.72,866.05,866.05,2018.06.26 19:06:24
英镑,867.55,840.59,873.93,875.85,866.05,866.05,2018.06.26 19:04:58
英镑,867.87,840.91,874.27,876.18,866.05,866.05,2018.06.26 19:02:28
英镑,867.87,840.91,874.27,876.18,866.05,866.05,2018.06.26 19:01:25
英镑,867.67,840.71,874.06,875.98,866.05,866.05,2018.06.26 19:01:03
英镑,867.73,840.77,874.12,876.04,866.05,866.05,2018.06.26 19:00:34
英镑,867.6,840.65,873.99,875.91,866.05,866.05,2018.06.26 18:59:50
英镑,867.48,840.52,873.86,875.78,866.05,866.05,2018.06.26 18:58:29
英镑,867.6,840.65,873.99,875.91,866.05,866.05,2018.06.26 18:55:53
英镑,867.6,840.65,873.99,875.91,866.05,866.05,2018.06.26 18:54:10
英镑,867.48,840.52,873.86,875.78,866.05,866.05,2018.06.26 18:51:49
英镑,867.35,840.4,873.73,875.65,866.05,866.05,2018.06.26 18:48:42
英镑,867.15,840.2,873.53,875.45,866.05,866.05,2018.06.26 18:43:45
英镑,867.02,840.08,873.4,875.32,866.05,866.05,2018.06.26 18:38:20
英镑,867.02,840.08,873.4,875.32,866.05,866.05,2018.06.26 18:35:03
英镑,867.15,840.2,873.53,875.45,866.05,866.05,2018.06.26 18:33:38
英镑,867.48,840.52,873.86,875.78,866.05,866.05,2018.06.26 18:28:30
英镑,867.22,840.27,873.6,875.52,866.05,866.05,2018.06.26 18:26:26
英镑,867.48,840.52,873.86,875.78,866.05,866.05,2018.06.26 18:25:01
英镑,867.48,840.52,873.86,875.78,866.05,866.05,2018.06.26 18:22:29
英镑,867.35,840.4,873.73,875.65,866.05,866.05,2018.06.26 18:19:41
英镑,867.35,840.4,873.73,875.65,866.05,866.05,2018.06.26 18:18:25
英镑,867.35,840.4,873.73,875.65,866.05,866.05,2018.06.26 18:17:01
英镑,867.22,840.27,873.6,875.52,866.05,866.05,2018.06.26 18:14:45
英镑,867.35,840.4,873.73,875.65,866.05,866.05,2018.06.26 18:13:50
英镑,867.67,840.71,874.06,875.98,866.05,866.05,2018.06.26 18:10:35
英镑,867.67,840.71,874.06,875.98,866.05,866.05,2018.06.26 18:09:52
英镑,867.61,840.66,874,875.92,866.05,866.05,2018.06.26 18:06:35
英镑,867.55,840.59,873.93,875.85,866.05,866.05,2018.06.26 18:05:35
英镑,867.48,840.52,873.86,875.78,866.05,866.05,2018.06.26 18:04:03
英镑,867.61,840.66,874,875.92,866.05,866.05,2018.06.26 17:55:51
英镑,867.42,840.46,873.8,875.72,866.05,866.05,2018.06.26 17:54:39
英镑,867.55,840.59,873.93,875.85,866.05,866.05,2018.06.26 17:53:56
英镑,867.09,840.14,873.47,875.39,866.05,866.05,2018.06.26 17:50:22
英镑,867.16,840.21,873.54,875.46,866.05,866.05,2018.06.26 17:46:50
英镑,867.02,840.08,873.4,875.32,866.05,866.05,2018.06.26 17:44:17
英镑,866.43,839.51,872.81,874.72,866.05,866.05,2018.06.26 17:40:12
英镑,866.1,839.19,872.48,874.39,866.05,866.05,2018.06.26 17:39:05
英镑,867.09,840.14,873.47,875.39,866.05,866.05,2018.06.26 17:32:02
英镑,867.02,840.08,873.4,875.32,866.05,866.05,2018.06.26 17:23:01
英镑,866.82,839.88,873.2,875.11,866.05,866.05,2018.06.26 17:22:51
英镑,866.35,839.43,872.73,874.64,866.05,866.05,2018.06.26 17:15:17
英镑,867.54,840.58,873.92,875.84,866.05,866.05,2018.06.26 17:04:36
英镑,867.2,840.25,873.58,875.5,866.05,866.05,2018.06.26 16:46:37
英镑,867.21,840.26,873.59,875.51,866.05,866.05,2018.06.26 16:45:36
英镑,867.4,840.44,873.78,875.7,866.05,866.05,2018.06.26 16:42:47
英镑,867.21,840.26,873.59,875.51,866.05,866.05,2018.06.26 16:41:37
英镑,867.34,840.39,873.72,875.64,866.05,866.05,2018.06.26 16:40:22
英镑,867.4,840.44,873.78,875.7,866.05,866.05,2018.06.26 16:39:21
英镑,867.65,840.7,874.04,875.96,866.05,866.05,2018.06.26 16:37:44
英镑,867.27,840.32,873.65,875.57,866.05,866.05,2018.06.26 16:37:17
英镑,867.4,840.44,873.78,875.7,866.05,866.05,2018.06.26 16:36:11
英镑,867.4,840.44,873.78,875.7,866.05,866.05,2018.06.26 16:35:10
英镑,867.34,840.39,873.72,875.64,866.05,866.05,2018.06.26 16:34:52
英镑,867.21,840.26,873.59,875.51,866.05,866.05,2018.06.26 16:34:45
英镑,867.14,840.19,873.52,875.44,866.05,866.05,2018.06.26 16:34:10
英镑,866.81,839.87,873.19,875.1,866.05,866.05,2018.06.26 16:34:02
英镑,866.74,839.81,873.12,875.03,866.05,866.05,2018.06.26 16:33:35
英镑,866.74,839.81,873.12,875.03,866.05,866.05,2018.06.26 16:31:51
英镑,866.67,839.74,873.05,874.96,866.05,866.05,2018.06.26 16:31:46
英镑,866.74,839.81,873.12,875.03,866.05,866.05,2018.06.26 16:29:41
英镑,866.74,839.81,873.12,875.03,866.05,866.05,2018.06.26 16:29:24
英镑,866.83,839.89,873.21,875.12,866.05,866.05,2018.06.26 16:28:45
英镑,866.87,839.93,873.25,875.16,866.05,866.05,2018.06.26 16:28:34
英镑,866.67,839.74,873.05,874.96,866.05,866.05,2018.06.26 16:28:27
英镑,866.94,840,873.32,875.23,866.05,866.05,2018.06.26 16:25:49
英镑,866.87,839.93,873.25,875.16,866.05,866.05,2018.06.26 16:23:51
英镑,866.54,839.61,872.92,874.83,866.05,866.05,2018.06.26 16:22:30
英镑,866.54,839.61,872.92,874.83,866.05,866.05,2018.06.26 16:09:36
英镑,866.8,839.86,873.18,875.09,866.05,866.05,2018.06.26 16:08:13
英镑,866.47,839.55,872.85,874.76,866.05,866.05,2018.06.26 16:07:07
英镑,866.54,839.61,872.92,874.83,866.05,866.05,2018.06.26 16:06:59
英镑,866.8,839.86,873.18,875.09,866.05,866.05,2018.06.26 16:05:08
英镑,867.26,840.31,873.64,875.56,866.05,866.05,2018.06.26 15:53:42
英镑,867.61,840.66,874,875.92,866.05,866.05,2018.06.26 15:52:18
英镑,867.36,840.41,873.74,875.66,866.05,866.05,2018.06.26 15:46:38
英镑,867.32,840.37,873.7,875.62,866.05,866.05,2018.06.26 15:41:03
英镑,867.36,840.41,873.74,875.66,866.05,866.05,2018.06.26 15:38:29
英镑,867.45,840.49,873.83,875.75,866.05,866.05,2018.06.26 15:37:24
英镑,867.26,840.31,873.64,875.56,866.05,866.05,2018.06.26 15:33:55
英镑,867.39,840.43,873.77,875.69,866.05,866.05,2018.06.26 15:32:11
英镑,867.35,840.4,873.73,875.65,866.05,866.05,2018.06.26 15:24:33
英镑,867.09,840.14,873.47,875.39,866.05,866.05,2018.06.26 15:22:15
英镑,867.36,840.41,873.74,875.66,866.05,866.05,2018.06.26 15:10:17
英镑,867.52,840.56,873.9,875.82,866.05,866.05,2018.06.26 15:06:59
英镑,867.46,840.5,873.84,875.76,866.05,866.05,2018.06.26 15:06:18
英镑,866.88,839.94,873.26,875.17,866.05,866.05,2018.06.26 14:47:28
英镑,866.8,839.86,873.18,875.09,866.05,866.05,2018.06.26 14:45:16
英镑,866.74,839.81,873.12,875.03,866.05,866.05,2018.06.26 14:45:00
英镑,866.67,839.74,873.05,874.96,866.05,866.05,2018.06.26 14:43:27
英镑,866.47,839.55,872.85,874.76,866.05,866.05,2018.06.26 14:42:17
英镑,866.63,839.7,873.01,874.92,866.05,866.05,2018.06.26 14:41:50
英镑,866.73,839.8,873.11,875.02,866.05,866.05,2018.06.26 14:37:20
英镑,866.86,839.92,873.24,875.15,866.05,866.05,2018.06.26 14:36:08
英镑,866.9,839.96,873.28,875.19,866.05,866.05,2018.06.26 14:35:05
英镑,866.73,839.8,873.11,875.02,866.05,866.05,2018.06.26 14:34:07
英镑,866.8,839.86,873.18,875.09,866.05,866.05,2018.06.26 14:32:27
英镑,866.73,839.8,873.11,875.02,866.05,866.05,2018.06.26 14:30:04
英镑,867.32,840.37,873.7,875.62,866.05,866.05,2018.06.26 14:24:53
英镑,867.42,840.46,873.8,875.72,866.05,866.05,2018.06.26 14:20:32
英镑,867.19,840.24,873.57,875.49,866.05,866.05,2018.06.26 14:12:17
英镑,867.19,840.24,873.57,875.49,866.05,866.05,2018.06.26 14:06:41
英镑,867.05,840.11,873.43,875.35,866.05,866.05,2018.06.26 14:06:34
英镑,867.12,840.17,873.5,875.42,866.05,866.05,2018.06.26 14:04:59
英镑,867.18,840.23,873.56,875.48,866.05,866.05,2018.06.26 14:04:43
英镑,867.32,840.37,873.7,875.62,866.05,866.05,2018.06.26 13:57:26
英镑,867.38,840.42,873.76,875.68,866.05,866.05,2018.06.26 13:51:31
英镑,867.38,840.42,873.76,875.68,866.05,866.05,2018.06.26 13:48:56
英镑,867.45,840.49,873.83,875.75,866.05,866.05,2018.06.26 13:47:31
英镑,867.32,840.37,873.7,875.62,866.05,866.05,2018.06.26 13:45:09
英镑,867.57,840.62,873.96,875.88,866.05,866.05,2018.06.26 13:43:48
英镑,867.77,840.81,874.16,876.08,866.05,866.05,2018.06.26 13:40:07
英镑,867.77,840.81,874.16,876.08,866.05,866.05,2018.06.26 13:34:37
英镑,868.13,841.16,874.53,876.44,866.05,866.05,2018.06.26 11:45:25
英镑,868.23,841.26,874.63,876.54,866.05,866.05,2018.06.26 11:37:34
英镑,868.01,841.04,874.41,876.32,866.05,866.05,2018.06.26 11:29:34
英镑,867.91,840.95,874.31,876.22,866.05,866.05,2018.06.26 11:25:45
英镑,867.97,841,874.37,876.28,866.05,866.05,2018.06.26 11:21:27
英镑,867.84,840.88,874.24,876.15,866.05,866.05,2018.06.26 11:21:04
英镑,867.85,840.89,874.25,876.16,866.05,866.05,2018.06.26 11:21:04
英镑,867.77,840.81,874.16,876.08,866.05,866.05,2018.06.26 11:19:39
英镑,867.77,840.81,874.16,876.08,866.05,866.05,2018.06.26 11:19:33
英镑,867.69,840.73,874.08,876,866.05,866.05,2018.06.26 11:19:21
英镑,867.81,840.85,874.2,876.12,866.05,866.05,2018.06.26 11:17:43
英镑,867.84,840.88,874.24,876.15,866.05,866.05,2018.06.26 11:17:06
英镑,867.93,840.97,874.33,876.24,866.05,866.05,2018.06.26 11:15:37
英镑,867.89,840.93,874.29,876.2,866.05,866.05,2018.06.26 11:15:20
英镑,867.97,841,874.37,876.28,866.05,866.05,2018.06.26 11:13:00
英镑,868.01,841.04,874.41,876.32,866.05,866.05,2018.06.26 11:11:23
英镑,868.14,841.17,874.54,876.45,866.05,866.05,2018.06.26 11:09:14
英镑,868.1,841.13,874.5,876.41,866.05,866.05,2018.06.26 11:07:45
英镑,868.08,841.11,874.48,876.39,866.05,866.05,2018.06.26 11:07:35
英镑,867.9,840.94,874.3,876.21,866.05,866.05,2018.06.26 11:04:00
英镑,867.9,840.94,874.3,876.21,866.05,866.05,2018.06.26 10:55:04
英镑,868.04,841.07,874.44,876.35,866.05,866.05,2018.06.26 10:54:59
英镑,868.2,841.23,874.6,876.51,866.05,866.05,2018.06.26 10:52:36
英镑,868.17,841.2,874.57,876.48,866.05,866.05,2018.06.26 10:47:33
英镑,868.1,841.13,874.5,876.41,866.05,866.05,2018.06.26 10:42:57
英镑,868.23,841.26,874.63,876.54,866.05,866.05,2018.06.26 10:40:07
英镑,868.1,841.13,874.5,876.41,866.05,866.05,2018.06.26 10:39:50
英镑,868.1,841.13,874.5,876.41,866.05,866.05,2018.06.26 10:33:16
英镑,868.17,841.2,874.57,876.48,866.05,866.05,2018.06.26 10:33:06
英镑,868.04,841.07,874.44,876.35,866.05,866.05,2018.06.26 10:32:06
英镑,867.97,841,874.37,876.28,866.05,866.05,2018.06.26 10:30:51
英镑,867.84,840.88,874.24,876.15,866.05,866.05,2018.06.26 10:30:33
英镑,867.9,840.94,874.3,876.21,866.05,866.05,2018.06.26 10:28:47
英镑,867.9,840.94,874.3,876.21,866.05,866.05,2018.06.26 10:28:05
英镑,867.77,840.81,874.16,876.08,866.05,866.05,2018.06.26 10:27:42
英镑,867.71,840.75,874.1,876.02,866.05,866.05,2018.06.26 10:27:32
英镑,867.64,840.69,874.03,875.95,866.05,866.05,2018.06.26 10:25:16
英镑,867.57,840.62,873.96,875.88,866.05,866.05,2018.06.26 10:25:15
英镑,867.35,840.4,873.73,875.65,866.05,866.05,2018.06.26 10:19:33
英镑,867.23,840.28,873.61,875.53,866.05,866.05,2018.06.26 10:19:04
英镑,867.19,840.24,873.57,875.49,866.05,866.05,2018.06.26 10:18:38
英镑,867.32,840.37,873.7,875.62,866.05,866.05,2018.06.26 10:17:31
英镑,867.25,840.3,873.63,875.55,866.05,866.05,2018.06.26 10:16:42
英镑,867.25,840.3,873.63,875.55,866.05,866.05,2018.06.26 10:16:42
英镑,867.25,840.3,873.63,875.55,866.05,866.05,2018.06.26 10:16:22
英镑,866.99,840.05,873.37,875.29,866.05,866.05,2018.06.26 10:15:51
英镑,866.72,839.79,873.1,875.01,866.05,866.05,2018.06.26 10:14:54
英镑,866.79,839.85,873.17,875.08,866.05,866.05,2018.06.26 10:14:50
英镑,866.79,839.85,873.17,875.08,866.05,866.05,2018.06.26 10:12:14
英镑,866.85,839.91,873.23,875.14,866.05,866.05,2018.06.26 10:11:29
英镑,866.85,839.91,873.23,875.14,866.05,866.05,2018.06.26 10:09:44
英镑,866.72,839.79,873.1,875.01,866.05,866.05,2018.06.26 10:08:08
英镑,866.52,839.59,872.9,874.81,866.05,866.05,2018.06.26 10:06:04
英镑,866.66,839.73,873.04,874.95,866.05,866.05,2018.06.26 10:05:26
英镑,866.26,839.34,872.64,874.55,866.05,866.05,2018.06.26 10:04:14
英镑,866.13,839.22,872.51,874.42,866.05,866.05,2018.06.26 10:03:58
英镑,865.99,839.08,872.37,874.28,866.05,866.05,2018.06.26 09:59:59
英镑,866.03,839.12,872.41,874.32,866.05,866.05,2018.06.26 09:57:29
英镑,865.92,839.01,872.3,874.21,866.05,866.05,2018.06.26 09:57:15
英镑,865.84,838.94,872.22,874.13,866.05,866.05,2018.06.26 09:56:58
英镑,865.82,838.92,872.2,874.11,866.05,866.05,2018.06.26 09:55:46
英镑,865.66,838.76,872.04,873.95,866.05,866.05,2018.06.26 09:48:15
英镑,865.8,838.9,872.18,874.09,866.05,866.05,2018.06.26 09:45:53
英镑,865.66,838.76,872.04,873.95,866.05,866.05,2018.06.26 09:45:37
英镑,865.53,838.64,871.91,873.82,866.05,866.05,2018.06.26 09:44:34
英镑,865.26,838.38,871.63,873.54,866.05,866.05,2018.06.26 09:42:19
英镑,865.34,838.45,871.71,873.62,866.05,866.05,2018.06.26 09:42:19
英镑,865.2,838.32,871.57,873.48,866.05,866.05,2018.06.26 09:40:47
英镑,865.07,838.19,871.44,873.35,866.05,866.05,2018.06.26 09:36:16
英镑,865.07,838.19,871.44,873.35,866.05,866.05,2018.06.26 09:35:26
英镑,864.83,837.96,871.2,873.11,866.05,866.05,2018.06.26 09:34:50
英镑,864.74,837.88,871.11,873.02,866.05,866.05,2018.06.26 09:33:41
英镑,864.73,837.87,871.1,873.01,866.05,866.05,2018.06.26 09:31:17
英镑,864.87,838,871.24,873.15,866.05,866.05,2018.06.26 09:24:05
英镑,864.87,838,871.24,873.15,866.05,866.05,2018.06.26 09:23:59
英镑,864.93,838.06,871.3,873.21,860.86,860.86,2018.06.26 09:21:22
英镑,865.2,838.32,871.57,873.48,860.86,860.86,2018.06.26 09:21:15
英镑,865.73,838.83,872.11,874.02,860.86,860.86,2018.06.26 09:21:03
英镑,865.53,838.64,871.91,873.82,860.86,860.86,2018.06.26 09:21:11
英镑,865.93,839.02,872.31,874.22,860.86,860.86,2018.06.26 09:20:58
英镑,865.6,838.71,871.98,873.89,860.86,860.86,2018.06.26 09:20:52
英镑,865.33,838.44,871.7,873.61,860.86,860.86,2018.06.26 08:41:46
英镑,865.53,838.64,871.91,873.82,860.86,860.86,2018.06.26 06:50:57
英镑,865,838.13,871.37,873.28,860.86,860.86,2018.06.26 05:30:00
英镑,865,838.13,871.37,873.28,860.86,860.86,2018.06.26 05:30:00
英镑,865,838.13,871.37,873.28,860.86,860.86,2018.06.26 05:30:00
英镑,865,838.13,871.37,873.28,860.86,860.86,2018.06.25 23:53:50
英镑,865,838.13,871.37,873.28,860.86,860.86,2018.06.26 00:00:05
英镑,865,838.13,871.37,873.28,860.86,860.86,2018.06.25 23:53:50
英镑,865,838.13,871.37,873.28,860.86,860.86,2018.06.25 23:53:50
英镑,864.87,838,871.24,873.15,860.86,860.86,2018.06.25 23:35:57
英镑,864.68,837.82,871.05,872.96,860.86,860.86,2018.06.25 23:25:24
英镑,864.49,837.62,870.85,872.76,860.86,860.86,2018.06.25 23:22:17
英镑,864.43,837.57,870.79,872.7,860.86,860.86,2018.06.25 23:17:10
英镑,864.49,837.62,870.85,872.76,860.86,860.86,2018.06.25 23:05:23
英镑,864.68,837.82,871.05,872.96,860.86,860.86,2018.06.25 23:03:04
英镑,864.29,837.43,870.65,872.56,860.86,860.86,2018.06.25 22:58:41
英镑,864.55,837.69,870.92,872.83,860.86,860.86,2018.06.25 22:55:59
英镑,864.49,837.62,870.85,872.76,860.86,860.86,2018.06.25 22:50:36
英镑,864.03,837.18,870.39,872.3,860.86,860.86,2018.06.25 22:48:47
英镑,864.43,837.57,870.79,872.7,860.86,860.86,2018.06.25 22:46:35
英镑,864.74,837.88,871.11,873.02,860.86,860.86,2018.06.25 22:44:37
英镑,864.94,838.07,871.31,873.22,860.86,860.86,2018.06.25 22:39:19
英镑,865.01,838.14,871.38,873.29,860.86,860.86,2018.06.25 22:38:20
英镑,865.2,838.32,871.57,873.48,860.86,860.86,2018.06.25 22:36:56
英镑,865.2,838.32,871.57,873.48,860.86,860.86,2018.06.25 22:36:01
英镑,865.21,838.33,871.58,873.49,860.86,860.86,2018.06.25 22:25:36
英镑,865.27,838.39,871.64,873.55,860.86,860.86,2018.06.25 22:22:42
英镑,865.6,838.71,871.98,873.89,860.86,860.86,2018.06.25 22:18:40
英镑,865.6,838.71,871.98,873.89,860.86,860.86,2018.06.25 22:16:28
英镑,865.6,838.71,871.98,873.89,860.86,860.86,2018.06.25 22:08:51
英镑,865.92,839.01,872.3,874.21,860.86,860.86,2018.06.25 22:05:27
英镑,865.6,838.71,871.98,873.89,860.86,860.86,2018.06.25 22:00:16
英镑,865.47,838.58,871.85,873.76,860.86,860.86,2018.06.25 21:59:22
英镑,865.27,838.39,871.64,873.55,860.86,860.86,2018.06.25 21:59:03
英镑,865.53,838.64,871.91,873.82,860.86,860.86,2018.06.25 21:53:55
英镑,865.86,838.96,872.24,874.15,860.86,860.86,2018.06.25 21:52:15
英镑,865.6,838.71,871.98,873.89,860.86,860.86,2018.06.25 21:49:39
英镑,865.46,838.57,871.84,873.75,860.86,860.86,2018.06.25 21:47:06
英镑,865.53,838.64,871.91,873.82,860.86,860.86,2018.06.25 21:44:05
英镑,865.4,838.51,871.78,873.69,860.86,860.86,2018.06.25 21:43:19
英镑,865.53,838.64,871.91,873.82,860.86,860.86,2018.06.25 21:41:03
英镑,865.59,838.7,871.97,873.88,860.86,860.86,2018.06.25 21:39:30
英镑,865.66,838.76,872.04,873.95,860.86,860.86,2018.06.25 21:37:20
英镑,865.85,838.95,872.23,874.14,860.86,860.86,2018.06.25 21:35:03
英镑,865.66,838.76,872.04,873.95,860.86,860.86,2018.06.25 21:33:05
英镑,865.53,838.64,871.91,873.82,860.86,860.86,2018.06.25 21:30:34
英镑,865.53,838.64,871.91,873.82,860.86,860.86,2018.06.25 21:30:15
英镑,865.13,838.25,871.5,873.41,860.86,860.86,2018.06.25 21:30:04
英镑,864.87,838,871.24,873.15,860.86,860.86,2018.06.25 21:21:15
英镑,864.67,837.81,871.04,872.95,860.86,860.86,2018.06.25 21:18:20
英镑,864.8,837.93,871.17,873.08,860.86,860.86,2018.06.25 21:13:24
英镑,864.67,837.81,871.04,872.95,860.86,860.86,2018.06.25 21:07:13
英镑,864.67,837.81,871.04,872.95,860.86,860.86,2018.06.25 21:06:16
英镑,864.54,837.68,870.91,872.82,860.86,860.86,2018.06.25 21:02:09
英镑,864.54,837.68,870.91,872.82,860.86,860.86,2018.06.25 21:01:15
英镑,864.6,837.74,870.97,872.88,860.86,860.86,2018.06.25 20:55:48
英镑,864.6,837.74,870.97,872.88,860.86,860.86,2018.06.25 20:53:32
英镑,864.74,837.88,871.11,873.02,860.86,860.86,2018.06.25 20:49:41
英镑,865,838.13,871.37,873.28,860.86,860.86,2018.06.25 20:43:44
英镑,865,838.13,871.37,873.28,860.86,860.86,2018.06.25 20:41:04
英镑,865.13,838.25,871.5,873.41,860.86,860.86,2018.06.25 20:33:15
英镑,865.13,838.25,871.5,873.41,860.86,860.86,2018.06.25 20:32:10
英镑,865.13,838.25,871.5,873.41,860.86,860.86,2018.06.25 20:30:27
英镑,865.13,838.25,871.5,873.41,860.86,860.86,2018.06.25 20:26:46
英镑,865.13,838.25,871.5,873.41,860.86,860.86,2018.06.25 20:26:08
英镑,865.26,838.38,871.63,873.54,860.86,860.86,2018.06.25 20:23:59
英镑,865.26,838.38,871.63,873.54,860.86,860.86,2018.06.25 20:22:58
英镑,865.26,838.38,871.63,873.54,860.86,860.86,2018.06.25 20:21:34
英镑,865.2,838.32,871.57,873.48,860.86,860.86,2018.06.25 20:20:00
英镑,865.39,838.5,871.77,873.68,860.86,860.86,2018.06.25 20:17:39
英镑,865.65,838.75,872.03,873.94,860.86,860.86,2018.06.25 20:15:33
英镑,865.72,838.82,872.1,874.01,860.86,860.86,2018.06.25 20:15:01
英镑,865.66,838.76,872.04,873.95,860.86,860.86,2018.06.25 20:12:51
英镑,865.53,838.64,871.91,873.82,860.86,860.86,2018.06.25 20:11:52
英镑,865.4,838.51,871.78,873.69,860.86,860.86,2018.06.25 20:10:34
英镑,865.66,838.76,872.04,873.95,860.86,860.86,2018.06.25 20:07:15
英镑,865.53,838.64,871.91,873.82,860.86,860.86,2018.06.25 20:06:29
英镑,865.33,838.44,871.7,873.61,860.86,860.86,2018.06.25 20:05:02
英镑,865.27,838.39,871.64,873.55,860.86,860.86,2018.06.25 20:04:12
英镑,865.4,838.51,871.78,873.69,860.86,860.86,2018.06.25 20:03:15
英镑,865.53,838.64,871.91,873.82,860.86,860.86,2018.06.25 20:03:02
英镑,865.33,838.44,871.7,873.61,860.86,860.86,2018.06.25 20:02:09
英镑,864.87,838,871.24,873.15,860.86,860.86,2018.06.25 19:56:51
英镑,864.87,838,871.24,873.15,860.86,860.86,2018.06.25 19:55:50
英镑,865.07,838.19,871.44,873.35,860.86,860.86,2018.06.25 19:50:45
英镑,865.2,838.32,871.57,873.48,860.86,860.86,2018.06.25 19:48:59
英镑,865,838.13,871.37,873.28,860.86,860.86,2018.06.25 19:48:18
英镑,865.01,838.14,871.38,873.29,860.86,860.86,2018.06.25 19:47:33
英镑,865.27,838.39,871.64,873.55,860.86,860.86,2018.06.25 19:45:36
英镑,865.27,838.39,871.64,873.55,860.86,860.86,2018.06.25 19:45:01
英镑,864.88,838.01,871.25,873.16,860.86,860.86,2018.06.25 19:41:58
英镑,865.01,838.14,871.38,873.29,860.86,860.86,2018.06.25 19:36:42
英镑,865.07,838.19,871.44,873.35,860.86,860.86,2018.06.25 19:33:30
英镑,865.14,838.26,871.51,873.42,860.86,860.86,2018.06.25 19:30:53
英镑,864.49,837.62,870.85,872.76,860.86,860.86,2018.06.25 19:26:32
英镑,864.55,837.69,870.92,872.83,860.86,860.86,2018.06.25 19:25:50
英镑,864.75,837.88,871.12,873.03,860.86,860.86,2018.06.25 19:22:56
英镑,864.68,837.82,871.05,872.96,860.86,860.86,2018.06.25 19:22:40
英镑,864.62,837.76,870.99,872.9,860.86,860.86,2018.06.25 19:20:06
英镑,864.55,837.69,870.92,872.83,860.86,860.86,2018.06.25 19:19:21
英镑,864.82,837.95,871.19,873.1,860.86,860.86,2018.06.25 19:17:00
英镑,865.08,838.2,871.45,873.36,860.86,860.86,2018.06.25 19:16:05
英镑,864.88,838.01,871.25,873.16,860.86,860.86,2018.06.25 19:15:36
英镑,864.88,838.01,871.25,873.16,860.86,860.86,2018.06.25 19:14:10
英镑,864.95,838.08,871.32,873.23,860.86,860.86,2018.06.25 19:12:32
英镑,864.88,838.01,871.25,873.16,860.86,860.86,2018.06.25 19:11:50
英镑,864.75,837.88,871.12,873.03,860.86,860.86,2018.06.25 19:11:12
英镑,864.82,837.95,871.19,873.1,860.86,860.86,2018.06.25 19:10:06
英镑,864.43,837.57,870.79,872.7,860.86,860.86,2018.06.25 19:04:34
英镑,864.43,837.57,870.79,872.7,860.86,860.86,2018.06.25 19:04:04
英镑,864.43,837.57,870.79,872.7,860.86,860.86,2018.06.25 19:02:42
英镑,864.5,837.63,870.86,872.77,860.86,860.86,2018.06.25 19:02:07
英镑,864.5,837.63,870.86,872.77,860.86,860.86,2018.06.25 19:01:19
英镑,864.43,837.57,870.79,872.7,860.86,860.86,2018.06.25 19:00:29
英镑,864.43,837.57,870.79,872.7,860.86,860.86,2018.06.25 18:58:42
英镑,864.24,837.38,870.6,872.51,860.86,860.86,2018.06.25 18:57:35
英镑,864.04,837.19,870.4,872.31,860.86,860.86,2018.06.25 18:52:27
英镑,863.06,836.24,869.42,871.32,860.86,860.86,2018.06.25 18:48:11
英镑,863,836.18,869.36,871.26,860.86,860.86,2018.06.25 18:47:53
英镑,862.86,836.05,869.21,871.12,860.86,860.86,2018.06.25 18:45:58
英镑,862.86,836.05,869.21,871.12,860.86,860.86,2018.06.25 18:45:28
英镑,862.6,835.8,868.95,870.86,860.86,860.86,2018.06.25 18:43:29
英镑,862.73,835.92,869.08,870.99,860.86,860.86,2018.06.25 18:41:54
英镑,862.8,835.99,869.15,871.06,860.86,860.86,2018.06.25 18:39:53
英镑,862.93,836.12,869.29,871.19,860.86,860.86,2018.06.25 18:38:20
英镑,863.19,836.37,869.55,871.45,860.86,860.86,2018.06.25 18:36:59
英镑,863.39,836.56,869.75,871.65,860.86,860.86,2018.06.25 18:36:16
英镑,863.19,836.37,869.55,871.45,860.86,860.86,2018.06.25 18:32:54
英镑,862.8,835.99,869.15,871.06,860.86,860.86,2018.06.25 18:26:07
英镑,863.06,836.24,869.42,871.32,860.86,860.86,2018.06.25 18:23:06
英镑,863.26,836.44,869.62,871.52,860.86,860.86,2018.06.25 18:19:28
英镑,863.32,836.49,869.68,871.58,860.86,860.86,2018.06.25 18:15:30
英镑,863.32,836.49,869.68,871.58,860.86,860.86,2018.06.25 18:14:50
英镑,863.58,836.75,869.94,871.84,860.86,860.86,2018.06.25 18:11:54
英镑,863.58,836.75,869.94,871.84,860.86,860.86,2018.06.25 18:03:34
英镑,863.39,836.56,869.75,871.65,860.86,860.86,2018.06.25 18:02:00
英镑,863.39,836.56,869.75,871.65,860.86,860.86,2018.06.25 17:59:16
英镑,863.32,836.49,869.68,871.58,860.86,860.86,2018.06.25 17:57:33
英镑,863.26,836.44,869.62,871.52,860.86,860.86,2018.06.25 17:51:14
英镑,863.26,836.44,869.62,871.52,860.86,860.86,2018.06.25 17:50:31
英镑,863.19,836.37,869.55,871.45,860.86,860.86,2018.06.25 17:48:13
英镑,863.32,836.49,869.68,871.58,860.86,860.86,2018.06.25 17:44:11
英镑,863.19,836.37,869.55,871.45,860.86,860.86,2018.06.25 17:40:38
英镑,863.26,836.44,869.62,871.52,860.86,860.86,2018.06.25 17:38:32
英镑,863.32,836.49,869.68,871.58,860.86,860.86,2018.06.25 17:33:58
英镑,862.87,836.06,869.22,871.13,860.86,860.86,2018.06.25 17:30:42
英镑,862.93,836.12,869.29,871.19,860.86,860.86,2018.06.25 17:28:01
英镑,862.6,835.8,868.95,870.86,860.86,860.86,2018.06.25 17:27:54
英镑,863.12,836.3,869.48,871.38,860.86,860.86,2018.06.25 17:18:35
英镑,863.12,836.3,869.48,871.38,860.86,860.86,2018.06.25 17:17:51
英镑,863.12,836.3,869.48,871.38,860.86,860.86,2018.06.25 17:14:33
英镑,863.25,836.43,869.61,871.51,860.86,860.86,2018.06.25 17:11:26
英镑,863.32,836.49,869.68,871.58,860.86,860.86,2018.06.25 17:09:25
英镑,863.25,836.43,869.61,871.51,860.86,860.86,2018.06.25 17:08:29
英镑,863.12,836.3,869.48,871.38,860.86,860.86,2018.06.25 17:04:53
英镑,863.31,836.48,869.67,871.57,860.86,860.86,2018.06.25 17:02:19
英镑,863.05,836.23,869.41,871.31,860.86,860.86,2018.06.25 16:51:33
英镑,862.66,835.86,869.01,870.92,860.86,860.86,2018.06.25 16:49:47
英镑,863.18,836.36,869.54,871.44,860.86,860.86,2018.06.25 16:41:44
英镑,863.38,836.55,869.74,871.64,860.86,860.86,2018.06.25 16:40:36
英镑,863.24,836.42,869.6,871.5,860.86,860.86,2018.06.25 16:40:21
英镑,862.98,836.17,869.34,871.24,860.86,860.86,2018.06.25 16:40:02
英镑,862.78,835.97,869.13,871.04,860.86,860.86,2018.06.25 16:35:45
英镑,862.71,835.9,869.06,870.97,860.86,860.86,2018.06.25 16:35:41
英镑,862.84,836.03,869.19,871.1,860.86,860.86,2018.06.25 16:33:47
英镑,862.65,835.85,869,870.91,860.86,860.86,2018.06.25 16:32:18
英镑,862.51,835.71,868.86,870.77,860.86,860.86,2018.06.25 16:30:42
英镑,862.51,835.71,868.86,870.77,860.86,860.86,2018.06.25 16:30:28
英镑,862.38,835.59,868.73,870.64,860.86,860.86,2018.06.25 16:30:15
英镑,862.57,835.77,868.92,870.83,860.86,860.86,2018.06.25 16:28:29
英镑,862.5,835.7,868.85,870.76,860.86,860.86,2018.06.25 16:28:21
英镑,862.37,835.58,868.72,870.63,860.86,860.86,2018.06.25 16:26:40
英镑,862.11,835.33,868.46,870.36,860.86,860.86,2018.06.25 16:25:30
英镑,861.85,835.07,868.2,870.1,860.86,860.86,2018.06.25 16:23:20
英镑,861.98,835.2,868.33,870.23,860.86,860.86,2018.06.25 16:23:08
英镑,862.11,835.33,868.46,870.36,860.86,860.86,2018.06.25 16:21:35
英镑,862.18,835.39,868.53,870.44,860.86,860.86,2018.06.25 16:19:54
英镑,862.35,835.56,868.7,870.61,860.86,860.86,2018.06.25 16:19:23
英镑,862.03,835.25,868.38,870.28,860.86,860.86,2018.06.25 16:15:15
英镑,862.12,835.34,868.47,870.37,860.86,860.86,2018.06.25 16:14:04
英镑,862.05,835.27,868.4,870.3,860.86,860.86,2018.06.25 16:13:54
英镑,862.12,835.34,868.47,870.37,860.86,860.86,2018.06.25 16:11:12
英镑,861.99,835.21,868.34,870.24,860.86,860.86,2018.06.25 16:09:56
英镑,862.38,835.59,868.73,870.64,860.86,860.86,2018.06.25 16:06:03
英镑,862.05,835.27,868.4,870.3,860.86,860.86,2018.06.25 16:05:27
英镑,862.45,835.65,868.8,870.71,860.86,860.86,2018.06.25 16:05:01
英镑,862.12,835.34,868.47,870.37,860.86,860.86,2018.06.25 16:03:48
英镑,862.19,835.4,868.54,870.45,860.86,860.86,2018.06.25 16:01:43
英镑,862.52,835.72,868.87,870.78,860.86,860.86,2018.06.25 15:56:28
英镑,862.59,835.79,868.94,870.85,860.86,860.86,2018.06.25 15:44:56
英镑,862.39,835.6,868.74,870.65,860.86,860.86,2018.06.25 15:38:40
英镑,862.13,835.34,868.48,870.38,860.86,860.86,2018.06.25 15:33:35
英镑,861.81,835.04,868.16,870.06,860.86,860.86,2018.06.25 15:30:53
英镑,861.87,835.09,868.22,870.12,860.86,860.86,2018.06.25 15:27:10
英镑,861.81,835.04,868.16,870.06,860.86,860.86,2018.06.25 15:26:19
英镑,861.55,834.78,867.9,869.8,860.86,860.86,2018.06.25 15:20:03
英镑,861.54,834.77,867.89,869.79,860.86,860.86,2018.06.25 15:18:34
英镑,861.42,834.65,867.76,869.66,860.86,860.86,2018.06.25 15:13:08
英镑,862.33,835.54,868.68,870.59,860.86,860.86,2018.06.25 15:09:05
英镑,862.04,835.26,868.39,870.29,860.86,860.86,2018.06.25 15:05:50
英镑,861.99,835.21,868.34,870.24,860.86,860.86,2018.06.25 15:05:07
英镑,861.87,835.09,868.22,870.12,860.86,860.86,2018.06.25 15:04:15
英镑,862.06,835.28,868.41,870.31,860.86,860.86,2018.06.25 15:01:53
英镑,862.33,835.54,868.68,870.59,860.86,860.86,2018.06.25 15:01:05
英镑,862.39,835.6,868.74,870.65,860.86,860.86,2018.06.25 15:00:50
英镑,862.33,835.54,868.68,870.59,860.86,860.86,2018.06.25 14:58:45
英镑,862.31,835.52,868.66,870.57,860.86,860.86,2018.06.25 14:57:44
英镑,862.39,835.6,868.74,870.65,860.86,860.86,2018.06.25 14:57:24
英镑,862.57,835.77,868.92,870.83,860.86,860.86,2018.06.25 14:52:49
英镑,862.69,835.89,869.04,870.95,860.86,860.86,2018.06.25 14:52:31
英镑,862.43,835.63,868.78,870.69,860.86,860.86,2018.06.25 14:50:37
英镑,862.36,835.57,868.71,870.62,860.86,860.86,2018.06.25 14:49:04
英镑,862.52,835.72,868.87,870.78,860.86,860.86,2018.06.25 14:48:48
英镑,862.37,835.58,868.72,870.63,860.86,860.86,2018.06.25 14:47:32
英镑,862.45,835.65,868.8,870.71,860.86,860.86,2018.06.25 14:47:21
英镑,862.62,835.82,868.97,870.88,860.86,860.86,2018.06.25 14:46:46
英镑,862.62,835.82,868.97,870.88,860.86,860.86,2018.06.25 14:46:37
英镑,862.65,835.85,869,870.91,860.86,860.86,2018.06.25 14:43:43
英镑,862.78,835.97,869.13,871.04,860.86,860.86,2018.06.25 14:37:52
英镑,862.72,835.91,869.07,870.98,860.86,860.86,2018.06.25 14:36:56
英镑,862.78,835.97,869.13,871.04,860.86,860.86,2018.06.25 14:36:49
英镑,862.72,835.91,869.07,870.98,860.86,860.86,2018.06.25 14:36:20
英镑,862.78,835.97,869.13,871.04,860.86,860.86,2018.06.25 14:35:46
英镑,862.95,836.14,869.31,871.21,860.86,860.86,2018.06.25 14:35:23
英镑,862.65,835.85,869,870.91,860.86,860.86,2018.06.25 14:33:25
英镑,862.88,836.07,869.23,871.14,860.86,860.86,2018.06.25 14:32:12
英镑,863.18,836.36,869.54,871.44,860.86,860.86,2018.06.25 14:31:22
英镑,863.37,836.54,869.73,871.63,860.86,860.86,2018.06.25 14:30:54
英镑,863.38,836.55,869.74,871.64,860.86,860.86,2018.06.25 14:30:41
英镑,863.51,836.68,869.87,871.77,860.86,860.86,2018.06.25 14:25:47
英镑,863.51,836.68,869.87,871.77,860.86,860.86,2018.06.25 14:24:52
英镑,863.7,836.86,870.06,871.96,860.86,860.86,2018.06.25 14:22:36
英镑,863.45,836.62,869.81,871.71,860.86,860.86,2018.06.25 14:17:27
英镑,863.58,836.75,869.94,871.84,860.86,860.86,2018.06.25 14:09:13
英镑,863.84,837,870.2,872.11,860.86,860.86,2018.06.25 13:58:54
英镑,863.91,837.06,870.27,872.18,860.86,860.86,2018.06.25 13:55:37
英镑,863.84,837,870.2,872.11,860.86,860.86,2018.06.25 13:55:27
英镑,863.71,836.87,870.07,871.97,860.86,860.86,2018.06.25 13:54:31
英镑,863.71,836.87,870.07,871.97,860.86,860.86,2018.06.25 13:52:43
英镑,863.91,837.06,870.27,872.18,860.86,860.86,2018.06.25 13:48:25
英镑,863.91,837.06,870.27,872.18,860.86,860.86,2018.06.25 13:47:45
英镑,863.75,836.91,870.11,872.01,860.86,860.86,2018.06.25 13:43:48
英镑,863.7,836.86,870.06,871.96,860.86,860.86,2018.06.25 13:36:26
英镑,862.78,835.97,869.13,871.04,860.86,860.86,2018.06.25 13:33:46
英镑,863.17,836.35,869.53,871.43,860.86,860.86,2018.06.25 11:54:53
英镑,863.37,836.54,869.73,871.63,860.86,860.86,2018.06.25 11:54:00
英镑,863.28,836.46,869.64,871.54,860.86,860.86,2018.06.25 11:49:26
英镑,863.37,836.54,869.73,871.63,860.86,860.86,2018.06.25 11:49:18
英镑,863.43,836.6,869.79,871.69,860.86,860.86,2018.06.25 11:49:10
英镑,863.5,836.67,869.86,871.76,860.86,860.86,2018.06.25 11:41:57
英镑,863.3,836.47,869.66,871.56,860.86,860.86,2018.06.25 11:40:20
英镑,863.24,836.42,869.6,871.5,860.86,860.86,2018.06.25 11:39:52
英镑,862.97,836.16,869.33,871.23,860.86,860.86,2018.06.25 11:30:15
英镑,862.82,836.01,869.17,871.08,860.86,860.86,2018.06.25 11:25:26
英镑,862.78,835.97,869.13,871.04,860.86,860.86,2018.06.25 11:23:56
英镑,862.58,835.78,868.93,870.84,860.86,860.86,2018.06.25 11:19:41
英镑,862.61,835.81,868.96,870.87,860.86,860.86,2018.06.25 11:17:27
英镑,862.55,835.75,868.9,870.81,860.86,860.86,2018.06.25 11:15:47
英镑,862.51,835.71,868.86,870.77,860.86,860.86,2018.06.25 11:15:09
英镑,862.71,835.9,869.06,870.97,860.86,860.86,2018.06.25 11:14:35
英镑,862.78,835.97,869.13,871.04,860.86,860.86,2018.06.25 11:14:21
英镑,862.98,836.17,869.34,871.24,860.86,860.86,2018.06.25 11:12:25
英镑,862.95,836.14,869.31,871.21,860.86,860.86,2018.06.25 11:10:45
英镑,862.98,836.17,869.34,871.24,860.86,860.86,2018.06.25 11:10:39
英镑,863.04,836.22,869.4,871.3,860.86,860.86,2018.06.25 11:04:36
英镑,862.98,836.17,869.34,871.24,860.86,860.86,2018.06.25 11:02:08
英镑,863.11,836.29,869.47,871.37,860.86,860.86,2018.06.25 10:58:15
英镑,863.11,836.29,869.47,871.37,860.86,860.86,2018.06.25 10:57:07
英镑,862.91,836.1,869.26,871.17,860.86,860.86,2018.06.25 10:56:45
英镑,862.85,836.04,869.2,871.11,860.86,860.86,2018.06.25 10:55:03
英镑,862.71,835.9,869.06,870.97,860.86,860.86,2018.06.25 10:54:04
英镑,862.51,835.71,868.86,870.77,860.86,860.86,2018.06.25 10:53:29
英镑,862.17,835.38,868.52,870.42,860.86,860.86,2018.06.25 10:51:32
英镑,862.12,835.34,868.47,870.37,860.86,860.86,2018.06.25 10:48:57
英镑,861.99,835.21,868.34,870.24,860.86,860.86,2018.06.25 10:47:41
英镑,861.72,834.95,868.07,869.97,860.86,860.86,2018.06.25 10:45:34
英镑,861.76,834.99,868.11,870.01,860.86,860.86,2018.06.25 10:35:30
英镑,861.79,835.02,868.14,870.04,860.86,860.86,2018.06.25 10:35:20
英镑,861.71,834.94,868.06,869.96,860.86,860.86,2018.06.25 10:32:52
英镑,861.63,834.86,867.98,869.88,860.86,860.86,2018.06.25 10:32:46
英镑,861.75,834.98,868.1,870,860.86,860.86,2018.06.25 10:29:25
英镑,861.71,834.94,868.06,869.96,860.86,860.86,2018.06.25 10:29:08
英镑,861.62,834.85,867.97,869.87,860.86,860.86,2018.06.25 10:25:12
英镑,861.58,834.81,867.93,869.83,860.86,860.86,2018.06.25 10:18:49
英镑,861.58,834.81,867.93,869.83,860.86,860.86,2018.06.25 10:13:43
英镑,861.58,834.81,867.93,869.83,860.86,860.86,2018.06.25 10:13:43
英镑,861.58,834.81,867.93,869.83,860.86,860.86,2018.06.25 10:12:01
英镑,861.78,835.01,868.13,870.03,860.86,860.86,2018.06.25 10:07:02
英镑,861.79,835.02,868.14,870.04,860.86,860.86,2018.06.25 10:02:39
英镑,861.66,834.89,868.01,869.91,860.86,860.86,2018.06.25 10:02:04
英镑,861.58,834.81,867.93,869.83,860.86,860.86,2018.06.25 10:01:48
英镑,861.58,834.81,867.93,869.83,860.86,860.86,2018.06.25 10:01:16
英镑,861.46,834.69,867.8,869.7,860.86,860.86,2018.06.25 09:56:46
英镑,861.45,834.68,867.79,869.69,860.86,860.86,2018.06.25 09:55:02
英镑,861.32,834.55,867.66,869.56,860.86,860.86,2018.06.25 09:53:41
英镑,861.45,834.68,867.79,869.69,860.86,860.86,2018.06.25 09:49:13
英镑,861.45,834.68,867.79,869.69,860.86,860.86,2018.06.25 09:48:35
英镑,861.33,834.56,867.67,869.57,860.86,860.86,2018.06.25 09:45:07
英镑,861.46,834.69,867.8,869.7,860.86,860.86,2018.06.25 09:41:16
英镑,861.58,834.81,867.93,869.83,860.86,860.86,2018.06.25 09:40:42
英镑,861.58,834.81,867.93,869.83,860.86,860.86,2018.06.25 09:35:10
英镑,861.52,834.76,867.87,869.77,860.86,860.86,2018.06.25 09:31:05
英镑,861.85,835.07,868.2,870.1,860.86,860.86,2018.06.25 09:27:46
英镑,861.59,834.82,867.94,869.84,860.86,860.86,2018.06.25 09:27:40
英镑,861.59,834.82,867.94,869.84,858.61,858.61,2018.06.25 09:23:32
英镑,861.78,835.01,868.13,870.03,858.61,858.61,2018.06.25 09:23:26
英镑,861.92,835.14,868.27,870.17,858.61,858.61,2018.06.25 09:23:19
英镑,861.98,835.2,868.33,870.23,858.61,858.61,2018.06.25 09:22:54
英镑,862.18,835.39,868.53,870.44,858.61,858.61,2018.06.25 09:22:46
英镑,861.72,834.95,868.07,869.97,858.61,858.61,2018.06.25 09:22:34
英镑,861.92,835.14,868.27,870.17,858.61,858.61,2018.06.25 09:22:40
英镑,861.46,834.69,867.8,869.7,858.61,858.61,2018.06.25 09:22:28
英镑,861.2,834.44,867.54,869.44,858.61,858.61,2018.06.25 09:22:21
